pixel_x,pixel_y,lat,lon
0,1000,40.7128000000,-74.0060000000
100,1000,40.7127865864,-74.0060000001
200,1000,40.7127731729,-74.0060000002
300,1000,40.7127597593,-74.0060000004
400,1000,40.7127463458,-74.0060000005
500,1000,40.7127329322,-74.0060000006
600,1000,40.7127195187,-74.0060000007
700,1000,40.7127061051,-74.0060000008
800,1000,40.7126926915,-74.0060000009
900,1000,40.7126792780,-74.0060000011
1000,1000,40.7126658644,-74.0060000012
1100,1000,40.7126524509,-74.0060000013
1200,1000,40.7126390373,-74.0060000014
1300,1000,40.7126256237,-74.0060000015
1400,1000,40.7126122102,-74.0060000017
1500,1000,40.7125987966,-74.0060000018
1600,1000,40.7125853831,-74.0060000019
1700,1000,40.7125719695,-74.0060000020
1800,1000,40.7125585560,-74.0060000021
1900,1000,40.7125451424,-74.0060000022
2000,1000,40.7125317288,-74.0060000024
2100,1000,40.7125183153,-74.0060000025
2200,1000,40.7125049017,-74.0060000026
2300,1000,40.7124914882,-74.0060000027
2400,1000,40.7124780746,-74.0060000028
2500,1000,40.7124646611,-74.0060000030
0,1100,40.7126979596,-74.0063228676
100,1100,40.7126925727,-74.0063228676
200,1100,40.7126871858,-74.0063228676
300,1100,40.7126817990,-74.0063228676
400,1100,40.7126764121,-74.0063228676
500,1100,40.7126710252,-74.0063228676
600,1100,40.7126656384,-74.0063228677
700,1100,40.7126602515,-74.0063228677
800,1100,40.7126548646,-74.0063228677
900,1100,40.7126494778,-74.0063228677
1000,1100,40.7126440909,-74.0063228677
1100,1100,40.7126387040,-74.0063228678
1200,1100,40.7126333172,-74.0063228678
1300,1100,40.7126279303,-74.0063228678
1400,1100,40.7126225434,-74.0063228678
1500,1100,40.7126171566,-74.0063228678
1600,1100,40.7126117697,-74.0063228679
1700,1100,40.7126063828,-74.0063228679
1800,1100,40.7126009960,-74.0063228679
1900,1100,40.7125956091,-74.0063228679
2000,1100,40.7125902222,-74.0063228679
2100,1100,40.7125848354,-74.0063228679
2200,1100,40.7125794485,-74.0063228680
2300,1100,40.7125740616,-74.0063228680
2400,1100,40.7125686748,-74.0063228680
2500,1100,40.7125632879,-74.0063228680
0,1200,40.7126723218,-74.0064039879
100,1200,40.7126689516,-74.0064039879
200,1200,40.7126655814,-74.0064039879
300,1200,40.7126622113,-74.0064039879
400,1200,40.7126588411,-74.0064039880
500,1200,40.7126554710,-74.0064039880
600,1200,40.7126521008,-74.0064039880
700,1200,40.7126487306,-74.0064039880
800,1200,40.7126453605,-74.0064039880
900,1200,40.7126419903,-74.0064039880
1000,1200,40.7126386202,-74.0064039880
1100,1200,40.7126352500,-74.0064039880
1200,1200,40.7126318798,-74.0064039880
1300,1200,40.7126285097,-74.0064039880
1400,1200,40.7126251395,-74.0064039880
1500,1200,40.7126217694,-74.0064039880
1600,1200,40.7126183992,-74.0064039880
1700,1200,40.7126150290,-74.0064039881
1800,1200,40.7126116589,-74.0064039881
1900,1200,40.7126082887,-74.0064039881
2000,1200,40.7126049186,-74.0064039881
2100,1200,40.7126015484,-74.0064039881
2200,1200,40.7125981782,-74.0064039881
2300,1200,40.7125948081,-74.0064039881
2400,1200,40.7125914379,-74.0064039881
2500,1200,40.7125880678,-74.0064039881
0,1300,40.7126606512,-74.0064409145
100,1300,40.7126581991,-74.0064409145
200,1300,40.7126557469,-74.0064409145
300,1300,40.7126532948,-74.0064409145
400,1300,40.7126508427,-74.0064409145
500,1300,40.7126483905,-74.0064409145
600,1300,40.7126459384,-74.0064409145
700,1300,40.7126434862,-74.0064409145
800,1300,40.7126410341,-74.0064409145
900,1300,40.7126385820,-74.0064409145
1000,1300,40.7126361298,-74.0064409145
1100,1300,40.7126336777,-74.0064409145
1200,1300,40.7126312255,-74.0064409145
1300,1300,40.7126287734,-74.0064409145
1400,1300,40.7126263213,-74.0064409145
1500,1300,40.7126238691,-74.0064409145
1600,1300,40.7126214170,-74.0064409145
1700,1300,40.7126189648,-74.0064409145
1800,1300,40.7126165127,-74.0064409145
1900,1300,40.7126140606,-74.0064409145
2000,1300,40.7126116084,-74.0064409145
2100,1300,40.7126091563,-74.0064409146
2200,1300,40.7126067041,-74.0064409146
2300,1300,40.7126042520,-74.0064409146
2400,1300,40.7126017999,-74.0064409146
2500,1300,40.7125993477,-74.0064409146
0,1400,40.7126539776,-74.0064620304
100,1400,40.7126520504,-74.0064620304
200,1400,40.7126501232,-74.0064620304
300,1400,40.7126481960,-74.0064620304
400,1400,40.7126462688,-74.0064620304
500,1400,40.7126443417,-74.0064620304
600,1400,40.7126424145,-74.0064620304
700,1400,40.7126404873,-74.0064620304
800,1400,40.7126385601,-74.0064620305
900,1400,40.7126366329,-74.0064620305
1000,1400,40.7126347057,-74.0064620305
1100,1400,40.7126327786,-74.0064620305
1200,1400,40.7126308514,-74.0064620305
1300,1400,40.7126289242,-74.0064620305
1400,1400,40.7126269970,-74.0064620305
1500,1400,40.7126250698,-74.0064620305
1600,1400,40.7126231426,-74.0064620305
1700,1400,40.7126212155,-74.0064620305
1800,1400,40.7126192883,-74.0064620305
1900,1400,40.7126173611,-74.0064620305
2000,1400,40.7126154339,-74.0064620305
2100,1400,40.7126135067,-74.0064620305
2200,1400,40.7126115796,-74.0064620305
2300,1400,40.7126096524,-74.0064620305
2400,1400,40.7126077252,-74.0064620305
2500,1400,40.7126057980,-74.0064620305
0,1500,40.7126496575,-74.0064756995
100,1500,40.7126480701,-74.0064756996
200,1500,40.7126464828,-74.0064756996
300,1500,40.7126448954,-74.0064756996
400,1500,40.7126433080,-74.0064756996
500,1500,40.7126417207,-74.0064756996
600,1500,40.7126401333,-74.0064756996
700,1500,40.7126385460,-74.0064756996
800,1500,40.7126369586,-74.0064756996
900,1500,40.7126353712,-74.0064756996
1000,1500,40.7126337839,-74.0064756996
1100,1500,40.7126321965,-74.0064756996
1200,1500,40.7126306092,-74.0064756996
1300,1500,40.7126290218,-74.0064756996
1400,1500,40.7126274345,-74.0064756996
1500,1500,40.7126258471,-74.0064756996
1600,1500,40.7126242597,-74.0064756996
1700,1500,40.7126226724,-74.0064756996
1800,1500,40.7126210850,-74.0064756996
1900,1500,40.7126194977,-74.0064756996
2000,1500,40.7126179103,-74.0064756996
2100,1500,40.7126163229,-74.0064756996
2200,1500,40.7126147356,-74.0064756996
2300,1500,40.7126131482,-74.0064756996
2400,1500,40.7126115609,-74.0064756996
2500,1500,40.7126099735,-74.0064756996
0,1600,40.7126466325,-74.0064852707
100,1600,40.7126452831,-74.0064852707
200,1600,40.7126439337,-74.0064852707
300,1600,40.7126425843,-74.0064852707
400,1600,40.7126412349,-74.0064852707
500,1600,40.7126398855,-74.0064852707
600,1600,40.7126385361,-74.0064852707
700,1600,40.7126371866,-74.0064852707
800,1600,40.7126358372,-74.0064852707
900,1600,40.7126344878,-74.0064852707
1000,1600,40.7126331384,-74.0064852707
1100,1600,40.7126317890,-74.0064852707
1200,1600,40.7126304396,-74.0064852707
1300,1600,40.7126290902,-74.0064852707
1400,1600,40.7126277407,-74.0064852707
1500,1600,40.7126263913,-74.0064852707
1600,1600,40.7126250419,-74.0064852707
1700,1600,40.7126236925,-74.0064852707
1800,1600,40.7126223431,-74.0064852707
1900,1600,40.7126209937,-74.0064852707
2000,1600,40.7126196443,-74.0064852707
2100,1600,40.7126182949,-74.0064852707
2200,1600,40.7126169454,-74.0064852707
2300,1600,40.7126155960,-74.0064852707
2400,1600,40.7126142466,-74.0064852707
2500,1600,40.7126128972,-74.0064852707
0,1700,40.7126443963,-74.0064923464
100,1700,40.7126432227,-74.0064923464
200,1700,40.7126420492,-74.0064923464
300,1700,40.7126408757,-74.0064923464
400,1700,40.7126397022,-74.0064923464
500,1700,40.7126385287,-74.0064923464
600,1700,40.7126373552,-74.0064923464
700,1700,40.7126361817,-74.0064923464
800,1700,40.7126350082,-74.0064923464
900,1700,40.7126338347,-74.0064923464
1000,1700,40.7126326612,-74.0064923464
1100,1700,40.7126314877,-74.0064923464
1200,1700,40.7126303142,-74.0064923464
1300,1700,40.7126291407,-74.0064923464
1400,1700,40.7126279672,-74.0064923464
1500,1700,40.7126267937,-74.0064923464
1600,1700,40.7126256202,-74.0064923464
1700,1700,40.7126244467,-74.0064923464
1800,1700,40.7126232732,-74.0064923464
1900,1700,40.7126220997,-74.0064923464
2000,1700,40.7126209262,-74.0064923464
2100,1700,40.7126197526,-74.0064923464
2200,1700,40.7126185791,-74.0064923464
2300,1700,40.7126174056,-74.0064923464
2400,1700,40.7126162321,-74.0064923464
2500,1700,40.7126150586,-74.0064923464
0,1800,40.7126426758,-74.0064977901
100,1800,40.7126416376,-74.0064977901
200,1800,40.7126405994,-74.0064977901
300,1800,40.7126395613,-74.0064977901
400,1800,40.7126385231,-74.0064977901
500,1800,40.7126374849,-74.0064977902
600,1800,40.7126364468,-74.0064977902
700,1800,40.7126354086,-74.0064977902
800,1800,40.7126343704,-74.0064977902
900,1800,40.7126333322,-74.0064977902
1000,1800,40.7126322941,-74.0064977902
1100,1800,40.7126312559,-74.0064977902
1200,1800,40.7126302177,-74.0064977902
1300,1800,40.7126291796,-74.0064977902
1400,1800,40.7126281414,-74.0064977902
1500,1800,40.7126271032,-74.0064977902
1600,1800,40.7126260651,-74.0064977902
1700,1800,40.7126250269,-74.0064977902
1800,1800,40.7126239887,-74.0064977902
1900,1800,40.7126229505,-74.0064977902
2000,1800,40.7126219124,-74.0064977902
2100,1800,40.7126208742,-74.0064977902
2200,1800,40.7126198360,-74.0064977902
2300,1800,40.7126187979,-74.0064977902
2400,1800,40.7126177597,-74.0064977902
2500,1800,40.7126167215,-74.0064977902
0,1900,40.7126413111,-74.0065021081
100,1900,40.7126403803,-74.0065021081
200,1900,40.7126394494,-74.0065021081
300,1900,40.7126385186,-74.0065021081
400,1900,40.7126375878,-74.0065021081
500,1900,40.7126366570,-74.0065021081
600,1900,40.7126357262,-74.0065021081
700,1900,40.7126347953,-74.0065021081
800,1900,40.7126338645,-74.0065021081
900,1900,40.7126329337,-74.0065021081
1000,1900,40.7126320029,-74.0065021081
1100,1900,40.7126310720,-74.0065021081
1200,1900,40.7126301412,-74.0065021081
1300,1900,40.7126292104,-74.0065021081
1400,1900,40.7126282796,-74.0065021081
1500,1900,40.7126273488,-74.0065021081
1600,1900,40.7126264179,-74.0065021081
1700,1900,40.7126254871,-74.0065021081
1800,1900,40.7126245563,-74.0065021081
1900,1900,40.7126236255,-74.0065021081
2000,1900,40.7126226946,-74.0065021081
2100,1900,40.7126217638,-74.0065021081
2200,1900,40.7126208330,-74.0065021081
2300,1900,40.7126199022,-74.0065021081
2400,1900,40.7126189713,-74.0065021081
2500,1900,40.7126180405,-74.0065021081
